Dependents,LoanAmount,Loan_Amount_Term,Credit_History,Loan_Status,TotalIncome_Log,Gender_Male,Married_Yes,Education_Not Graduate,Self_Employed_Yes,Property_Area_Semiurban,Property_Area_Urban
0,128.0,360.0,1,1,8.674196940225903,True,False,False,False,False,True
1,128.0,360.0,1,0,8.714731714015052,True,True,False,False,False,False
0,66.0,360.0,1,1,8.006700845440367,True,True,False,True,False,True
0,120.0,360.0,1,1,8.505525386548555,True,True,True,False,False,True
0,141.0,360.0,1,1,8.699681400989514,True,False,False,False,False,True
2,267.0,360.0,1,1,9.170975648453906,True,True,False,True,False,True
0,95.0,360.0,1,1,8.25582842728183,True,True,True,False,False,True
3,158.0,360.0,0,0,8.61993026886735,True,True,False,False,True,False
2,168.0,360.0,1,1,8.618485442898109,True,True,False,False,False,True
1,349.0,360.0,1,0,10.077860939480908,True,True,False,False,True,False
2,70.0,360.0,1,1,8.268988209506656,True,True,False,False,False,True
2,109.0,360.0,1,1,8.375860015299594,True,True,False,False,False,True
2,200.0,360.0,1,1,9.32188174670909,True,True,False,False,False,True
0,114.0,360.0,1,0,8.454040376410969,True,False,False,False,False,False
2,17.0,120.0,1,1,7.777373602657861,True,True,False,False,False,True
0,125.0,360.0,1,1,8.507344855361422,True,False,False,False,False,True
1,100.0,240.0,1,1,8.187855443695623,True,False,True,False,False,True
0,76.0,360.0,0,0,8.163656176168432,False,False,False,False,False,True
0,133.0,360.0,1,0,8.494538500851432,True,True,True,False,False,False
0,115.0,360.0,1,1,8.716207971151853,True,True,False,False,False,True
0,104.0,360.0,0,0,8.94389780251682,True,True,True,False,False,True
1,315.0,360.0,1,1,9.357121103184378,True,True,False,False,False,True
0,116.0,360.0,0,0,8.414495793177895,True,True,True,False,True,False
2,112.0,360.0,0,0,8.572249397164315,True,True,True,False,False,False
1,151.0,360.0,1,0,8.80131894766524,True,True,False,False,True,False
0,191.0,360.0,1,1,9.165447603085447,True,True,False,True,True,False
0,122.0,360.0,1,1,8.527737405291909,True,True,False,False,True,False
2,110.0,360.0,1,1,8.569216219483389,True,True,True,False,False,True
0,35.0,360.0,1,0,7.274479558773871,True,False,True,False,False,True
2,120.0,360.0,1,1,8.671458150427666,False,False,False,False,True,False
1,201.0,360.0,1,0,8.927446816256198,True,True,False,False,False,True
0,74.0,360.0,1,0,8.060855752934316,True,False,False,False,False,True
1,106.0,360.0,1,0,8.453827315794417,True,False,False,True,False,False
0,114.0,360.0,1,1,8.550241045462437,True,True,False,False,True,False
3,320.0,360.0,1,0,9.648659816955295,True,False,False,False,False,False
0,128.0,360.0,1,1,8.376320632534823,True,True,False,False,False,True
0,100.0,360.0,0,0,8.058010800802085,True,True,False,False,False,True
0,144.0,360.0,1,1,8.5422759717837,False,True,False,False,True,False
0,184.0,360.0,1,1,9.339349052539717,True,False,False,False,False,True
0,110.0,360.0,1,1,8.597297435657898,True,False,True,False,True,False
0,80.0,360.0,1,0,8.188966863648876,True,False,False,False,False,True
0,47.0,360.0,1,1,8.01102337918644,True,False,False,False,False,True
0,75.0,360.0,1,1,7.783640596221253,True,True,False,False,False,True
0,134.0,360.0,1,1,8.744806737401898,True,True,False,False,True,False
0,96.0,360.0,1,1,8.454466361507933,True,True,True,True,False,True
0,88.0,360.0,1,1,8.134760782418645,False,False,False,False,False,True
1,44.0,360.0,1,1,8.639410824140487,True,True,False,False,False,True
0,144.0,360.0,1,1,8.669399124305569,True,True,False,False,False,True
0,120.0,360.0,0,0,8.713746330456916,False,True,False,False,False,True
0,144.0,360.0,1,1,8.744488113852924,False,False,False,False,True,False
0,100.0,360.0,1,1,8.181160858023409,False,True,True,False,True,False
0,120.0,360.0,1,1,8.034955024502159,False,False,False,False,True,False
0,112.0,360.0,1,0,8.350193650720067,False,False,False,False,True,False
2,134.0,360.0,1,0,8.43750042250699,True,True,False,False,False,True
1,286.0,360.0,0,0,9.350189267092581,False,True,False,True,False,True
2,97.0,360.0,1,1,8.262558973010657,True,True,False,False,True,False
0,96.0,360.0,1,1,8.222553638396958,True,True,False,False,True,False
0,135.0,360.0,1,0,8.624611588183507,True,True,False,False,False,False
1,180.0,360.0,1,1,9.242904362849446,True,True,False,False,False,True
2,144.0,360.0,1,1,8.735042754269337,True,True,True,False,False,True
0,120.0,360.0,1,1,8.747828608488742,True,True,False,False,False,True
3,99.0,360.0,1,1,8.016317898503415,True,True,False,False,False,True
0,165.0,180.0,0,0,8.70930004894499,True,True,True,True,False,False
1,128.0,360.0,0,0,8.506334448081361,True,True,False,False,False,False
0,116.0,360.0,0,0,8.334951631422454,False,False,False,False,True,False
0,258.0,360.0,1,0,9.242032818708672,True,True,False,False,True,False
0,126.0,180.0,0,0,8.604287898267172,True,False,True,False,False,True
1,312.0,360.0,1,1,9.282754052485227,True,True,False,False,False,True
3,125.0,60.0,1,1,8.867990898182093,True,True,True,True,False,True
0,136.0,360.0,0,0,8.366602832783736,False,False,False,False,True,False
0,172.0,360.0,1,1,8.744328763999984,True,True,False,False,False,True
2,97.0,360.0,1,1,8.229777750081887,True,True,True,True,True,False
0,81.0,300.0,1,1,8.160803920954665,True,False,False,False,True,False
3,95.0,360.0,0,0,8.467162257810672,True,True,True,False,True,False
3,187.0,360.0,1,1,8.859505484519133,True,True,False,True,True,False
0,113.0,480.0,1,0,8.229777750081887,True,False,False,False,False,True
0,176.0,360.0,1,0,9.04793908261736,True,False,False,False,False,True
1,110.0,360.0,1,0,8.299783171949787,True,True,False,True,False,True
3,180.0,300.0,0,0,8.877381954654766,True,True,False,False,True,False
3,130.0,360.0,1,1,8.612503371220562,True,True,True,True,True,False
0,111.0,360.0,1,1,8.255048902752295,False,False,False,False,True,False
1,128.0,360.0,1,1,7.78155595923534,True,True,False,True,True,False
2,167.0,360.0,1,0,8.089482474360754,False,True,False,False,False,True
0,265.0,360.0,1,0,9.018089684104343,True,True,False,False,True,False
1,50.0,240.0,1,1,8.291295851905407,True,True,False,False,False,True
0,136.0,360.0,1,1,8.496582237512113,True,False,False,False,True,False
2,99.0,360.0,1,1,8.58185670474196,True,True,True,False,True,False
0,104.0,360.0,1,1,8.437933510430605,True,True,False,False,True,False
0,210.0,360.0,1,1,9.055672891964043,True,False,False,False,False,True
0,175.0,360.0,1,1,9.196545660953994,True,True,False,False,True,False
0,131.0,360.0,1,1,8.675734219544788,True,True,False,False,True,False
2,188.0,180.0,1,1,9.384713758920963,True,True,False,False,True,False
2,81.0,360.0,1,1,8.535818655539403,True,True,True,False,False,True
0,122.0,360.0,1,1,8.327000740241713,True,False,False,False,True,False
0,25.0,120.0,1,1,8.19450550976564,True,False,True,False,True,False
0,128.0,360.0,1,0,8.82217476094608,True,False,False,False,False,True
0,137.0,360.0,1,1,8.473659189392508,False,True,False,False,True,False
0,50.0,360.0,1,1,7.99799931797973,True,True,False,False,True,False
0,115.0,180.0,1,1,8.340217320947035,True,True,True,False,True,False
0,131.0,360.0,1,1,8.575650760987806,True,True,False,False,True,False
2,133.0,180.0,1,1,8.929567707825337,True,True,True,False,False,True
0,151.0,360.0,1,1,9.065314599925925,True,False,False,False,True,False
0,128.0,360.0,1,1,9.521568058002977,True,True,False,False,False,True
0,128.0,360.0,1,1,9.01627006814768,True,True,False,False,True,False
0,160.0,360.0,1,1,8.427487278331744,True,True,False,False,False,True
1,100.0,360.0,1,1,8.314587291319576,True,True,False,False,False,True
2,225.0,360.0,1,1,9.436997742590188,True,True,False,False,False,True
0,120.0,360.0,1,0,8.900276348631271,True,False,True,False,False,False
2,216.0,360.0,0,0,8.909370405197466,True,True,False,False,False,True
3,94.0,480.0,1,1,7.946617563244473,True,True,True,False,True,False
0,136.0,360.0,1,1,8.57866451350434,True,False,False,False,False,True
0,139.0,360.0,1,1,8.56845648535378,False,True,False,False,True,False
0,152.0,360.0,0,0,8.947285869349132,True,True,True,False,False,False
1,128.0,360.0,1,1,8.916237731721479,False,False,False,True,True,False
0,118.0,360.0,1,1,8.527341522468053,True,False,False,False,True,False
1,185.0,180.0,1,1,9.5876803163585,True,True,False,False,False,False
0,154.0,360.0,1,1,8.603554357064281,False,True,False,False,True,False
1,85.0,360.0,1,1,8.19229373114764,True,True,False,False,False,True
0,175.0,360.0,1,0,8.95040315983296,True,True,False,False,False,False
0,259.0,360.0,1,1,9.250426095515468,False,False,False,False,False,True
0,180.0,360.0,1,1,9.028218795184895,True,True,False,False,False,False
0,44.0,360.0,1,1,8.334951631422454,False,False,False,False,True,False
0,137.0,360.0,0,1,9.316320695513415,False,False,False,False,True,False
2,81.0,360.0,1,1,7.992268643270745,True,True,False,False,True,False
0,194.0,360.0,1,1,8.750683034784592,True,True,True,False,False,False
0,93.0,360.0,1,1,8.214194414852564,False,False,False,False,False,False
3,370.0,360.0,1,1,10.077608912764743,True,True,False,False,False,False
0,128.0,360.0,1,1,8.613593685702552,True,False,False,False,False,False
1,160.0,180.0,0,0,9.572480355345974,True,True,False,True,False,True
0,182.0,360.0,1,0,9.065314599925925,True,True,False,False,False,False
0,650.0,480.0,1,1,9.911802884139842,True,False,False,True,False,True
0,74.0,360.0,1,1,8.279950715722526,True,False,False,False,False,True
0,70.0,360.0,1,1,7.908019444632471,True,False,False,False,True,False
0,25.0,120.0,1,1,8.14902386805177,True,True,False,True,True,False
0,102.0,360.0,1,1,8.496173824192162,True,False,False,False,True,False
3,290.0,360.0,1,0,9.371693622333941,True,True,False,False,True,False
0,84.0,360.0,1,0,8.430327258394575,False,True,False,False,False,False
2,88.0,360.0,1,1,8.827174771362785,True,True,False,True,False,True
0,242.0,360.0,0,0,9.615805480084347,True,False,False,False,True,False
2,129.0,360.0,1,0,8.636042325254618,True,True,True,False,False,False
2,185.0,360.0,1,0,8.871505346165781,True,True,False,False,False,False
0,168.0,360.0,1,1,8.59748202264504,True,False,False,False,False,True
0,175.0,180.0,1,1,8.846640813100485,True,False,False,True,True,False
0,122.0,360.0,1,1,8.462314529906248,True,True,False,False,True,False
2,187.0,180.0,1,1,9.3722891389622,True,True,False,False,False,True
0,100.0,360.0,1,1,8.827174771362785,False,True,False,False,True,False
2,70.0,360.0,1,1,9.60689927061335,False,True,False,False,False,True
1,30.0,360.0,1,1,7.994294986415977,True,True,False,False,False,True
0,225.0,360.0,1,0,9.364519622823858,False,False,False,False,False,False
0,125.0,360.0,1,1,8.646641258603124,True,True,False,False,True,False
0,118.0,360.0,0,0,8.744806737401898,True,False,False,False,False,False
0,152.0,360.0,1,1,8.75273950944749,True,True,False,True,False,False
0,244.0,360.0,1,0,9.123365357961776,True,False,False,False,False,True
2,113.0,360.0,1,0,7.732807530422021,True,True,True,False,False,False
0,50.0,360.0,1,1,8.08794755464267,True,False,False,False,False,True
3,600.0,180.0,0,1,10.596634733096073,True,True,False,False,True,False
1,160.0,360.0,1,1,8.699681400989514,True,True,False,False,False,False
1,187.0,360.0,1,1,9.163143937145207,True,True,False,False,False,True
0,120.0,360.0,1,1,8.529911963824013,True,False,False,False,False,False
0,255.0,360.0,1,1,9.231024963169016,True,True,False,False,True,False
0,98.0,360.0,1,1,7.974188669286011,True,True,True,False,True,False
0,275.0,360.0,1,0,8.978912601074276,True,True,False,False,False,True
1,121.0,360.0,0,0,8.382518288089635,True,True,False,False,True,False
2,158.0,360.0,1,1,8.633196867172543,True,True,False,False,False,False
0,75.0,180.0,1,1,9.140347000155648,True,True,False,False,False,True
0,182.0,360.0,1,1,8.835501457409778,True,True,False,False,False,False
0,112.0,360.0,1,0,8.430327258394575,False,True,False,False,False,False
0,129.0,360.0,1,1,8.660947155060933,True,True,False,False,False,False
0,63.0,480.0,0,0,7.71333788887187,True,False,False,False,True,False
2,200.0,360.0,1,1,8.987321812850125,True,True,False,False,True,False
0,95.0,360.0,1,1,8.185907481482324,True,True,True,False,False,False
3,700.0,300.0,1,1,10.85445020594156,True,True,False,False,False,True
3,81.0,180.0,1,0,8.167068178341237,True,True,True,False,False,False
0,187.0,360.0,1,1,9.335562336729565,True,True,False,False,True,False
0,87.0,360.0,1,0,8.533263371593732,True,True,True,True,True,False
0,116.0,360.0,1,1,8.60557030203365,True,True,False,False,False,False
2,101.0,360.0,1,1,8.206583614320753,True,True,False,False,False,False
3,495.0,360.0,0,0,9.73014555852275,True,True,False,False,True,False
1,116.0,360.0,1,1,8.229777750081887,True,True,False,False,True,False
0,102.0,480.0,0,0,8.23880116587155,True,False,True,False,False,True
1,180.0,360.0,0,0,9.521568058002977,True,True,False,False,False,True
0,67.0,360.0,1,0,8.850804195756417,True,False,False,False,False,False
0,73.0,180.0,1,1,8.434028950155469,True,True,False,False,True,False
1,260.0,360.0,1,0,10.429605648120413,True,True,False,False,True,False
0,108.0,360.0,1,1,8.195885391314796,False,True,False,False,True,False
0,120.0,360.0,1,1,10.6896240399389,True,True,False,True,True,False
1,66.0,300.0,0,0,7.68662133494462,True,True,False,True,False,False
0,58.0,360.0,1,1,8.416709652837914,True,True,False,False,False,False
0,168.0,360.0,1,1,8.694669696546992,True,True,False,True,False,False
0,188.0,180.0,1,1,9.140883106960962,True,True,False,False,False,False
0,48.0,360.0,1,1,8.494129251817686,True,False,True,False,False,False
0,164.0,360.0,1,0,9.392745258631441,True,False,False,False,True,False
0,160.0,360.0,1,0,8.705165419719007,True,True,True,False,False,True
0,76.0,360.0,1,1,8.258163361537619,True,False,False,False,True,False
0,120.0,360.0,1,1,8.340933226000878,True,False,False,False,False,False
1,170.0,360.0,1,0,8.64979915596426,True,True,False,False,True,False
0,187.0,360.0,1,1,9.399637542506563,True,False,False,False,False,False
0,120.0,360.0,1,1,8.360071435644025,False,False,True,False,False,True
0,113.0,360.0,1,1,8.73761303680885,False,True,False,False,True,False
0,83.0,360.0,1,0,9.305741456739435,True,False,False,True,False,True
1,90.0,360.0,1,1,8.537191877922927,True,True,True,False,True,False
2,166.0,360.0,0,1,8.501876487304344,True,False,False,False,True,False
3,128.0,180.0,1,0,8.292298107063221,True,True,True,False,False,True
1,135.0,360.0,1,1,8.430327258394575,True,True,True,False,False,True
2,124.0,360.0,1,1,8.273336598504486,True,True,True,False,True,False
0,120.0,360.0,1,1,8.391403185357937,False,False,True,False,True,False
0,80.0,360.0,1,1,8.08487062913819,False,False,False,False,False,True
0,55.0,360.0,1,1,8.780633799494984,True,False,True,False,False,False
0,59.0,360.0,1,1,7.8160138391590275,True,False,False,False,False,True
0,127.0,360.0,1,0,8.137103389639302,True,False,False,False,True,False
0,214.0,360.0,1,0,9.210440366976517,False,False,False,False,True,False
3,128.0,360.0,0,0,8.45126704130007,True,True,False,False,True,False
1,240.0,360.0,1,1,8.960339366492091,True,True,False,True,False,True
3,130.0,360.0,1,1,8.648922962094131,True,True,True,True,False,False
0,137.0,360.0,1,1,8.731497794063243,True,True,False,False,False,True
3,100.0,360.0,1,1,8.483429561263428,True,True,True,False,True,False
0,135.0,360.0,1,0,7.576097340623111,True,True,False,False,False,False
0,131.0,360.0,1,1,8.613048677059759,True,True,False,False,True,False
2,72.0,360.0,0,0,8.517393171418904,True,True,False,False,True,False
2,127.0,360.0,1,1,8.80492526261806,False,True,False,False,True,False
0,60.0,360.0,0,0,7.706162970199576,True,True,False,False,False,True
2,116.0,360.0,1,1,8.652947112393857,True,True,False,False,True,False
0,144.0,360.0,1,1,8.659213451436667,True,False,False,False,True,False
0,175.0,360.0,1,1,9.058237593766226,True,True,False,False,True,False
0,128.0,360.0,1,1,8.740496729931813,True,True,False,False,True,False
0,170.0,360.0,1,0,8.086717920303906,True,True,False,False,False,False
0,138.0,360.0,1,0,8.462948176563842,True,True,True,True,False,True
2,210.0,360.0,1,1,8.980423936374544,True,True,False,False,True,False
0,158.0,480.0,1,1,8.46779284112111,True,True,False,False,True,False
0,200.0,360.0,1,1,8.764209507142004,True,False,False,True,False,False
1,104.0,360.0,1,1,8.422003004412488,True,True,False,False,True,False
0,42.0,180.0,1,1,8.220672170297252,True,True,False,False,False,False
0,120.0,360.0,1,1,8.663542087751374,True,False,True,False,False,False
0,280.0,360.0,1,1,9.0280988119824,False,False,False,False,True,False
1,140.0,360.0,1,1,8.504107951867582,True,True,False,False,True,False
1,170.0,360.0,1,1,8.818926087090677,True,True,False,False,False,False
0,255.0,360.0,1,0,8.656433258507741,True,True,False,False,False,True
0,122.0,360.0,1,1,8.150179269682326,False,False,False,True,False,True
1,112.0,360.0,1,1,8.246171559857563,False,False,False,False,False,False
1,96.0,360.0,1,1,8.106514516255185,True,True,False,False,True,False
2,120.0,360.0,1,1,9.289151552400472,True,True,False,False,False,False
1,140.0,180.0,1,0,8.410498452745275,True,True,True,False,False,True
0,155.0,60.0,1,1,9.067277989134345,True,False,False,False,False,True
2,108.0,360.0,1,1,8.929435283803425,True,True,False,True,False,False
0,123.0,360.0,1,1,8.964951211714654,True,True,True,False,True,False
0,120.0,180.0,1,0,9.248021438943871,True,False,False,True,False,True
2,112.0,360.0,1,1,9.180293450623886,True,True,False,False,False,True
1,137.0,180.0,1,1,8.796187635470453,True,True,True,False,False,True
1,123.0,480.0,1,1,8.460834457746854,True,True,False,False,True,False
0,90.0,360.0,1,1,8.210124405164267,True,True,False,False,False,True
0,201.0,360.0,0,0,8.62317351495347,True,True,True,False,True,False
2,138.0,360.0,1,0,8.13973227971767,False,False,False,False,False,True
0,104.0,360.0,1,1,8.46611040118692,True,False,True,True,False,False
1,279.0,180.0,1,1,9.186355009225672,True,True,True,False,True,False
0,192.0,360.0,0,0,9.69590972432601,True,False,False,True,False,True
3,255.0,360.0,1,1,8.03398273468322,False,False,False,False,False,False
0,115.0,360.0,0,0,8.707152175339404,True,False,True,False,False,False
3,94.0,360.0,1,0,8.566173813637858,True,True,False,False,False,True
0,304.0,360.0,1,0,9.728181330636078,True,True,False,False,False,False
3,128.0,360.0,1,0,8.503499864284235,True,True,True,False,True,False
1,330.0,360.0,1,1,9.24319470884713,True,True,False,False,False,True
0,134.0,360.0,1,1,8.35936910622267,True,False,False,False,True,False
1,155.0,36.0,1,0,8.155362120328135,False,False,False,False,True,False
0,120.0,360.0,1,1,8.881975184248867,False,False,False,False,False,False
0,128.0,360.0,1,1,8.550047528287184,True,False,False,True,True,False
0,151.0,360.0,1,1,8.928375259853631,True,False,False,False,False,False
2,150.0,360.0,1,1,8.715388097366482,True,True,False,False,True,False
3,160.0,360.0,0,1,8.723394022000136,True,True,False,False,False,True
0,135.0,360.0,1,0,8.137103389639302,False,False,False,False,False,False
1,90.0,360.0,1,1,8.39773375137891,False,False,False,False,False,True
0,30.0,360.0,1,1,8.08271113423758,False,False,False,False,False,True
0,136.0,360.0,1,1,9.318925682389624,True,True,False,False,False,True
0,126.0,360.0,1,1,8.453401058328458,True,False,False,False,False,False
0,150.0,360.0,1,1,8.485496104672983,True,True,False,False,True,False
2,90.0,360.0,1,1,8.268988209506656,True,True,False,False,True,False
1,115.0,360.0,1,1,8.432288684325794,True,True,False,False,True,False
0,207.0,360.0,1,1,8.891236429516061,True,True,False,False,True,False
0,80.0,360.0,1,1,8.390268497842571,True,True,False,False,False,True
0,436.0,360.0,1,1,9.5876803163585,True,True,False,False,True,False
0,124.0,360.0,1,1,8.31898612539206,False,True,True,False,False,False
1,158.0,360.0,0,0,8.776475789346321,True,False,True,True,False,True
0,112.0,360.0,1,1,8.461257559085935,True,True,False,False,True,False
2,78.0,180.0,1,1,8.097973923364721,True,True,False,False,False,True
0,54.0,360.0,1,1,8.154212694914229,False,False,False,False,False,True
0,128.0,360.0,1,0,9.936341889407075,True,True,False,False,False,False
0,89.0,360.0,1,1,8.734238184268579,True,False,False,False,False,False
0,99.0,300.0,1,0,8.370547611074752,False,False,False,True,True,False
0,120.0,360.0,1,1,8.649098262296176,True,True,False,False,False,False
0,115.0,360.0,1,1,8.324821298768782,False,False,False,False,True,False
0,187.0,360.0,1,1,9.159993997539445,True,False,False,False,False,False
0,139.0,360.0,1,1,8.61104776688786,True,True,False,False,False,False
2,127.0,360.0,0,0,8.38958706681109,True,True,False,False,True,False
2,134.0,360.0,1,1,8.458292083496076,True,True,False,False,False,True
0,143.0,480.0,0,0,8.59748202264504,False,False,False,False,False,True
0,172.0,360.0,1,1,8.651374372882257,True,True,False,False,True,False
3,110.0,360.0,1,1,8.64241515616962,True,True,False,False,False,True
1,200.0,360.0,1,1,8.83579236650274,True,True,False,False,True,False
1,135.0,360.0,1,1,8.448271745949816,False,True,False,False,False,True
0,151.0,480.0,1,0,8.928242677818302,False,False,False,False,False,False
1,113.0,360.0,1,0,8.505120610181969,True,True,False,False,False,True
0,93.0,360.0,0,0,8.462737005620179,True,True,True,False,False,True
0,105.0,360.0,1,1,8.439447842791385,True,True,True,False,True,False
0,132.0,360.0,1,1,8.517393171418904,False,False,False,False,False,False
1,96.0,360.0,1,1,8.14002395246292,True,True,False,False,False,True
0,140.0,360.0,1,1,8.77971129020447,True,False,False,False,False,False
0,128.0,360.0,1,0,7.601402334583733,True,False,True,False,False,True
0,135.0,360.0,1,1,8.599510233905452,False,False,False,False,False,False
0,104.0,360.0,0,0,8.357962965845681,False,False,False,False,False,True
0,480.0,360.0,1,0,9.915119636765835,True,False,False,False,False,False
2,185.0,360.0,1,1,8.944811104165534,True,True,True,False,False,False
0,84.0,360.0,1,1,7.978653729082731,False,False,False,False,True,False
0,111.0,360.0,1,1,8.581669210600602,True,False,True,False,True,False
0,56.0,360.0,1,1,7.827240901752812,False,False,False,False,False,False
2,144.0,84.0,1,1,8.656433258507741,True,True,False,True,False,False
0,159.0,360.0,1,0,8.370315995555478,True,True,False,False,False,False
1,111.0,180.0,1,1,8.525161361065415,True,True,True,False,False,True
2,120.0,360.0,1,1,8.220941168281389,True,True,False,False,True,False
0,88.0,360.0,1,1,8.341171747170762,True,True,False,False,False,True
1,112.0,360.0,1,1,8.17244681834278,False,False,False,False,True,False
1,155.0,360.0,1,0,9.210440366976517,True,True,False,True,False,False
0,115.0,360.0,1,1,8.426830751335846,True,True,False,False,True,False
3,124.0,360.0,1,1,8.418918622147897,True,True,False,False,True,False
2,128.0,360.0,1,1,8.554874258383926,True,True,True,False,False,False
0,132.0,360.0,1,1,8.72453251118548,False,False,False,False,False,False
3,300.0,360.0,1,1,9.61587214452889,True,True,False,False,False,False
1,376.0,360.0,0,0,9.521494800613105,True,True,False,True,False,False
0,130.0,360.0,0,1,8.500657222776137,True,False,False,False,False,False
0,184.0,360.0,1,1,8.984568369308281,True,True,False,True,True,False
0,110.0,360.0,1,0,8.82246957226897,False,True,False,False,False,True
0,67.0,360.0,1,1,7.824445930877619,False,False,False,False,False,True
1,117.0,360.0,1,1,8.728749873478527,True,False,False,False,False,True
0,98.0,360.0,1,1,7.984803389734406,True,False,False,False,True,False
0,71.0,360.0,1,1,7.949444420250626,True,False,False,False,False,True
0,490.0,180.0,1,1,11.056240743970491,True,True,False,False,False,True
1,182.0,180.0,1,1,9.364519622823858,True,True,False,True,False,True
0,70.0,360.0,1,1,9.20974019190415,True,True,False,True,True,False
1,160.0,360.0,1,1,8.68929604801586,True,True,False,False,False,False
2,176.0,360.0,1,1,8.867990898182093,True,True,False,True,False,False
3,128.0,360.0,0,0,7.5126175446745105,False,False,True,False,False,True
0,71.0,360.0,1,1,8.333510708982942,False,False,False,False,True,False
3,173.0,360.0,1,0,8.351138607086154,True,True,True,False,False,False
0,46.0,360.0,1,0,7.774435510302958,False,False,False,False,False,False
1,158.0,360.0,1,1,8.6628507638386,True,True,True,False,False,True
3,74.0,360.0,1,1,8.062747901086354,True,True,True,False,True,False
2,125.0,360.0,1,1,8.499843553081124,True,True,False,False,False,False
0,160.0,360.0,1,1,8.508757712595136,True,True,False,False,True,False
0,152.0,360.0,0,0,8.817890200945513,True,True,True,False,False,False
2,126.0,360.0,1,1,8.566364235422688,True,True,True,False,False,True
0,259.0,360.0,1,1,9.29807648628027,True,True,False,False,True,False
0,187.0,360.0,1,1,9.091106284052485,True,True,False,False,False,False
0,228.0,360.0,1,1,9.114269903225448,True,True,False,False,True,False
0,308.0,360.0,1,0,9.466376966592419,True,False,False,False,False,False
3,95.0,360.0,1,1,8.465899897028686,True,True,False,False,False,False
0,105.0,360.0,0,0,8.612685172875459,False,True,False,True,False,False
0,130.0,360.0,1,1,7.982416346827733,False,True,False,False,True,False
0,116.0,180.0,1,1,8.246433786160365,False,False,False,False,False,True
2,165.0,360.0,1,1,9.350189267092581,True,True,False,False,False,False
1,67.0,360.0,1,0,8.262558973010657,True,True,False,False,False,True
0,100.0,480.0,0,0,8.448271745949816,True,True,True,False,False,True
3,200.0,360.0,1,1,9.028218795184895,True,True,False,False,True,False
1,81.0,360.0,1,0,8.460411177317253,False,False,False,False,True,False
2,236.0,360.0,1,1,9.067393362656249,True,True,False,False,True,False
0,130.0,360.0,1,1,8.865593998902725,True,True,False,False,False,True
0,95.0,300.0,1,1,8.707317560273212,True,True,False,False,False,True
0,141.0,360.0,1,1,8.828054536815424,True,False,False,True,False,False
0,133.0,360.0,1,0,8.735042754269337,True,False,True,False,False,False
0,96.0,480.0,1,0,7.824445930877619,True,False,False,False,True,False
0,124.0,360.0,0,0,8.54188580400661,True,False,False,False,False,False
1,175.0,360.0,1,1,8.752423403865594,True,True,False,False,True,False
0,570.0,360.0,1,0,10.126511096649761,True,True,False,False,False,False
0,55.0,360.0,1,1,9.66523036341187,False,False,False,True,True,False
2,155.0,360.0,1,1,8.55371796609861,True,True,False,False,True,False
2,380.0,300.0,1,1,9.752490228984199,True,True,False,True,False,False
1,111.0,180.0,0,0,8.527143522269405,True,False,False,False,False,True
0,110.0,360.0,1,1,8.348537825386098,False,False,False,False,False,True
0,120.0,180.0,1,1,8.655388690167637,True,True,False,False,False,True
3,130.0,360.0,1,1,9.52857589747142,True,True,False,False,False,False
0,130.0,360.0,1,1,8.368925174747135,True,True,False,False,True,False
0,71.0,480.0,1,0,8.029432840581244,True,False,False,False,False,True
2,130.0,360.0,1,1,8.592671652592143,True,True,False,False,False,True
0,128.0,360.0,1,1,8.671458150427666,True,True,False,False,True,False
0,296.0,360.0,1,1,9.22759072538271,True,False,False,False,True,False
0,156.0,360.0,1,1,8.699681400989514,False,False,False,False,False,True
0,128.0,360.0,1,1,8.877381954654766,True,False,False,True,False,True
2,100.0,360.0,1,0,8.426611813185,True,True,False,False,False,True
1,113.0,180.0,1,1,8.207401833376355,True,False,False,False,False,True
0,132.0,360.0,1,1,8.280711075662847,True,False,True,False,True,False
0,128.0,360.0,0,0,8.72371943690701,True,True,True,False,False,True
0,136.0,360.0,1,1,8.46611040118692,True,True,False,False,False,True
0,125.0,360.0,1,1,8.610501368549889,True,True,False,False,False,False
3,185.0,360.0,1,1,9.12347443895452,True,False,False,False,False,False
3,275.0,360.0,1,1,9.15957325492253,True,True,False,False,False,False
0,120.0,360.0,1,1,8.455104999102815,True,True,False,False,False,True
2,113.0,180.0,1,1,8.193953023563742,True,True,True,False,True,False
2,113.0,360.0,1,1,8.412054873292933,True,True,False,False,False,True
2,135.0,360.0,1,1,8.232440158470336,True,True,False,False,True,False
0,71.0,360.0,0,0,8.064950891749143,False,False,False,False,False,True
0,95.0,360.0,1,1,8.41027590907016,True,True,False,False,False,True
0,109.0,360.0,1,1,8.624970783589669,True,False,True,False,False,False
0,103.0,360.0,0,0,8.101980731853192,False,False,False,False,True,False
2,45.0,180.0,0,0,7.969011781106478,True,True,True,False,False,True
0,65.0,300.0,1,0,7.9215356321335495,True,False,True,False,False,False
0,103.0,360.0,1,1,10.021315031649332,True,False,False,False,True,False
0,53.0,360.0,1,1,7.582738488914411,False,False,True,False,True,False
0,194.0,360.0,1,0,8.914894908906568,False,False,False,True,False,False
0,115.0,360.0,1,1,8.422442854870427,False,False,False,False,True,False
0,115.0,360.0,1,1,8.426830751335846,True,True,True,False,False,True
0,66.0,360.0,1,1,7.7025561132685825,False,False,True,False,False,False
1,152.0,300.0,0,0,9.024131268455035,True,True,False,False,True,False
3,360.0,360.0,0,0,11.302216779257382,True,True,False,False,False,False
1,62.0,360.0,1,0,8.260492856573185,False,False,True,True,True,False
0,160.0,360.0,1,1,8.741456115998364,True,True,False,False,False,True
0,218.0,360.0,0,0,8.715552125907816,True,True,True,False,False,False
0,110.0,360.0,1,1,8.363342466597977,True,True,True,False,False,False
0,178.0,360.0,0,0,8.591743922680534,False,True,True,False,True,False
0,60.0,360.0,1,1,8.005033344637111,False,False,False,False,False,True
1,160.0,360.0,1,0,7.8636512654486515,False,False,False,False,False,True
2,239.0,360.0,1,0,9.980494888896912,True,True,False,True,False,True
0,112.0,360.0,1,1,8.242493153187626,True,True,False,False,False,False
0,138.0,360.0,1,1,8.447628728030327,True,True,False,False,True,False
0,138.0,360.0,1,1,8.670772279344538,True,True,False,False,False,False
0,80.0,360.0,0,0,7.908754738783246,False,False,True,False,False,True
0,100.0,360.0,1,1,8.17188200612782,True,True,False,False,False,True
1,110.0,360.0,0,0,9.095826985187422,True,True,False,False,False,True
0,96.0,360.0,1,1,9.60784051043005,True,True,False,False,True,False
0,121.0,360.0,1,1,8.848939995030118,True,True,False,False,False,False
1,81.0,360.0,1,0,8.435332164935916,False,False,True,False,False,False
2,133.0,360.0,1,1,8.688790784847216,True,True,False,False,True,False
0,87.0,360.0,1,1,7.9851847886683345,True,True,False,False,False,False
0,60.0,180.0,1,1,7.907651594711089,True,False,True,False,False,True
1,150.0,360.0,1,1,9.062420241899561,False,False,False,True,True,False
0,105.0,360.0,0,0,8.77971129020447,True,False,False,False,False,False
0,405.0,360.0,1,1,9.463198053273784,True,False,False,False,True,False
0,143.0,360.0,1,1,8.469262657658687,True,True,False,False,True,False
0,100.0,360.0,1,1,8.229777750081887,True,False,False,False,False,True
0,128.0,240.0,1,1,9.21512888870798,False,True,False,False,True,False
0,50.0,360.0,1,1,8.236950048061455,True,False,False,False,True,False
0,128.0,360.0,1,1,8.113426639943654,True,True,False,False,False,True
0,187.0,360.0,0,0,9.251194365984448,True,False,False,True,False,True
0,138.0,360.0,1,1,8.873888135154973,False,True,True,True,False,False
0,187.0,360.0,1,1,9.073947747070628,True,False,False,False,True,False
0,180.0,360.0,1,1,9.1834829178063,True,True,False,False,False,False
3,148.0,360.0,1,1,8.81001204797317,True,False,True,False,True,False
1,152.0,360.0,1,1,10.537945736747394,True,False,False,False,True,False
0,175.0,300.0,1,1,9.659311868393488,True,True,False,False,False,False
1,130.0,360.0,1,1,8.450412157725886,True,True,False,True,False,False
2,110.0,360.0,1,1,8.445267451844648,True,True,True,False,False,False
0,55.0,360.0,1,0,8.500250470685925,True,True,False,False,False,False
2,150.0,360.0,0,0,8.527341522468053,True,True,False,False,False,False
1,190.0,360.0,1,0,8.369157112588834,True,False,True,True,True,False
2,125.0,360.0,0,0,8.178919332848396,True,True,True,False,False,False
2,60.0,300.0,1,1,8.13593277200489,True,True,True,False,False,True
0,149.0,360.0,0,0,8.645058562414134,True,True,False,False,False,False
0,90.0,180.0,0,1,8.507142855562735,True,True,False,False,False,False
0,84.0,360.0,1,1,8.865876285425417,True,False,False,True,True,False
2,96.0,360.0,1,1,8.258422462458876,True,True,False,False,True,False
0,118.0,360.0,1,1,8.366835309827675,True,True,False,False,False,True
0,173.0,360.0,1,0,8.744806737401898,True,True,False,False,False,True
2,136.0,360.0,1,1,8.379079889286603,True,False,False,False,False,False
0,160.0,360.0,1,0,9.028218795184895,True,True,False,False,True,False
0,160.0,360.0,1,1,8.726967774991493,True,True,False,True,True,False
3,128.0,180.0,1,1,8.954286157204713,True,True,False,False,False,True
0,153.0,360.0,1,1,8.557182839632397,True,True,False,False,False,False
1,132.0,360.0,1,1,8.554874258383926,False,False,True,False,True,False
0,98.0,360.0,0,0,8.334951631422454,True,False,False,False,True,False
0,140.0,360.0,1,1,8.699681400989514,True,False,False,False,False,False
3,70.0,180.0,0,0,8.436416881388949,True,True,True,False,False,True
0,110.0,360.0,1,1,9.722744748855389,True,True,False,False,True,False
2,98.0,360.0,1,1,8.048149101665201,False,True,True,False,True,False
0,110.0,360.0,1,0,8.82246957226897,True,True,False,False,False,True
1,162.0,360.0,1,1,8.61794309451638,True,True,False,True,True,False
1,113.0,180.0,0,0,8.331827004436057,True,True,True,False,False,False
3,100.0,360.0,1,1,8.453614209773367,True,True,False,False,True,False
0,93.0,360.0,1,1,7.824445930877619,False,False,False,True,False,True
2,162.0,360.0,1,1,9.228278517107196,True,False,False,False,False,False
2,150.0,360.0,1,1,9.772239265926174,True,True,False,True,False,False
2,230.0,300.0,1,1,9.042040056544483,True,True,False,False,True,False
2,132.0,360.0,0,0,8.465057436995709,True,True,False,False,True,False
1,86.0,360.0,1,1,9.847869128773116,True,True,False,True,True,False
2,128.0,360.0,1,0,8.423102268016642,True,True,False,False,False,True
0,154.0,360.0,1,1,8.37816098272068,False,False,True,False,False,False
3,113.0,360.0,1,1,8.037866234709618,True,True,True,False,False,False
0,128.0,360.0,1,1,8.562931083090092,True,True,False,False,True,False
0,234.0,360.0,1,1,9.290444616217844,True,True,False,False,True,False
2,246.0,360.0,1,1,9.0280988119824,True,True,False,False,True,False
1,131.0,360.0,1,1,8.388222810119277,True,True,True,False,False,False
2,80.0,360.0,0,0,8.17413934342947,True,False,False,False,False,False
1,500.0,360.0,1,0,9.816512538521721,True,True,False,False,False,True
2,160.0,360.0,1,1,8.80492526261806,True,True,False,True,True,False
0,75.0,360.0,1,0,7.798112628829788,True,False,False,False,False,True
0,96.0,360.0,1,1,8.609772372709331,True,False,True,False,True,False
1,186.0,360.0,1,1,8.774158291205957,True,True,True,False,False,True
0,110.0,360.0,1,1,8.213923595622743,True,False,True,False,False,False
0,225.0,360.0,1,1,9.756378687497916,False,False,True,True,True,False
0,119.0,360.0,0,0,8.657824321155983,True,True,False,False,False,False
1,105.0,84.0,1,1,8.352318548226004,False,True,False,False,True,False
0,107.0,360.0,1,1,8.366602832783736,True,True,True,False,False,False
0,111.0,12.0,1,1,8.920389060080359,True,True,False,False,False,True
1,95.0,360.0,1,1,7.971085753505607,True,True,False,True,True,False
0,209.0,360.0,0,0,9.277999020449997,True,False,False,False,False,False
0,113.0,480.0,1,1,8.37309184744198,False,False,False,False,False,False
0,100.0,360.0,1,1,8.058327306580958,False,False,False,False,True,False
2,208.0,360.0,1,1,9.258177701390343,True,True,False,False,True,False
1,138.0,360.0,1,0,9.143452426434552,True,True,True,False,False,False
0,124.0,300.0,1,1,8.575084669832014,True,True,True,False,True,False
2,243.0,360.0,1,1,8.978029932837156,True,True,False,False,False,False
0,480.0,360.0,1,1,10.221977646629885,True,True,False,False,False,True
0,96.0,360.0,1,0,8.18423477409482,True,False,False,False,False,True
0,188.0,360.0,1,1,8.61122983334262,True,True,False,True,False,True
1,40.0,360.0,1,1,9.492733482494353,False,False,False,False,False,True
0,100.0,360.0,1,0,8.494129251817686,True,False,True,False,False,False
1,250.0,360.0,1,1,8.995908761263994,True,True,False,False,True,False
2,148.0,360.0,1,1,8.579040594742317,True,True,False,False,False,True
0,70.0,180.0,1,0,9.082166033252674,True,True,False,False,True,False
0,311.0,360.0,1,0,9.157150543462064,True,False,False,False,False,False
3,150.0,360.0,1,1,8.838551790227402,True,True,False,False,False,False
2,113.0,480.0,1,1,8.20631072579402,False,True,False,False,True,False
0,123.0,360.0,0,0,8.491875383431948,True,True,True,False,True,False
0,185.0,360.0,1,0,8.794673401383422,True,False,False,False,True,False
0,95.0,360.0,1,0,8.131824785007195,False,False,True,False,False,False
2,45.0,360.0,1,1,8.277666160851503,True,True,True,False,True,False
0,55.0,360.0,1,1,7.824445930877619,True,False,False,False,True,False
3,100.0,360.0,1,1,8.868131713503033,True,True,False,True,False,False
2,480.0,360.0,1,1,9.623442907213558,True,True,False,True,False,False
0,128.0,360.0,1,0,8.81996090128606,True,False,False,False,True,False
2,400.0,360.0,1,1,9.770013301136158,True,True,False,True,False,False
0,110.0,360.0,1,1,8.236420527265391,True,True,False,False,True,False
1,161.0,360.0,0,1,8.812248018197431,True,True,True,False,True,False
1,94.0,360.0,1,1,8.289539484624141,True,False,True,False,True,False
0,130.0,360.0,1,1,8.822322177471738,True,False,True,False,True,False
0,216.0,360.0,1,1,8.783549477153265,True,True,False,False,False,False
3,100.0,360.0,1,1,8.362175469149628,True,True,False,False,False,True
2,110.0,360.0,0,0,8.185628891147607,True,False,False,False,False,False
1,196.0,360.0,1,0,9.328212292571072,True,False,False,False,True,False
0,125.0,360.0,1,1,9.80730699406216,False,False,True,True,False,True
0,126.0,360.0,1,1,8.432288684325794,True,False,True,False,False,False
0,324.0,360.0,1,1,9.214332393245721,True,True,False,False,False,True
2,107.0,360.0,1,1,8.193676665955241,True,False,False,False,True,False
0,66.0,360.0,1,0,8.147288258706624,True,True,True,False,False,False
3,157.0,180.0,1,1,8.766861821669803,True,True,False,False,False,False
1,140.0,180.0,1,1,8.916506080039204,False,True,False,False,True,False
0,99.0,360.0,0,0,7.668093709082406,False,False,False,False,True,False
1,95.0,360.0,1,1,8.203304026795282,False,False,False,False,True,False
1,128.0,360.0,1,1,8.46884293047519,True,True,True,False,False,True
0,102.0,360.0,1,1,8.210939733379021,False,True,True,False,True,False
0,155.0,360.0,1,1,8.459352191726387,True,True,False,False,False,False
0,80.0,36.0,1,0,8.119398589612294,True,False,True,False,True,False
0,145.0,360.0,1,1,8.368693183097793,True,False,False,False,False,False
0,103.0,360.0,0,0,8.517393171418904,False,False,False,False,True,False
0,110.0,360.0,1,1,8.4767877767812,True,True,False,False,False,False
2,128.0,360.0,0,0,8.799963219506997,True,True,False,True,False,False
1,128.0,360.0,1,1,8.490438454107418,True,True,True,False,False,False
1,158.0,360.0,1,1,8.792397742356906,True,True,False,False,False,True
0,181.0,360.0,0,0,8.473868066677865,True,True,True,False,False,True
0,132.0,180.0,0,0,8.969541885423252,True,True,False,False,False,False
1,26.0,360.0,1,1,8.77971129020447,True,True,False,False,True,False
0,84.0,360.0,1,1,8.36474106822456,False,False,False,False,False,True
3,260.0,360.0,1,1,9.224243277145174,True,True,False,True,True,False
0,162.0,360.0,1,1,8.788288460263619,True,True,False,False,True,False
0,182.0,360.0,1,1,8.777555453213056,False,True,False,False,True,False
2,108.0,360.0,1,1,8.273336598504486,True,True,True,False,True,False
1,600.0,360.0,1,1,9.87740021777281,False,True,False,True,True,False
0,211.0,360.0,1,1,8.984443032465352,True,True,False,False,False,False
0,132.0,360.0,1,1,8.665785595466064,True,False,True,True,True,False
2,258.0,360.0,0,0,9.082507000466299,True,True,False,False,False,True
0,120.0,360.0,1,1,8.404696160189092,True,True,True,False,False,False
0,70.0,360.0,1,1,8.111928063310739,True,False,False,False,False,True
3,123.0,360.0,0,0,8.682877107057168,True,True,False,False,False,False
0,9.0,360.0,1,0,7.774435510302958,False,False,False,False,False,True
0,104.0,360.0,0,0,8.562357743370612,True,True,False,False,False,True
1,186.0,360.0,1,1,8.550241045462437,True,True,False,False,False,True
0,165.0,360.0,0,0,8.789964651132264,True,True,False,False,False,True
2,275.0,360.0,1,1,9.721185995542177,True,True,False,False,False,True
2,187.0,480.0,1,0,8.955577146281511,True,True,True,False,True,False
3,150.0,360.0,1,0,8.765146421639022,True,True,False,False,True,False
2,108.0,84.0,1,1,8.19450550976564,True,True,False,False,False,True
0,136.0,360.0,0,0,8.575084669832014,True,True,False,False,True,False
0,110.0,360.0,1,1,8.69433468816865,True,False,False,False,False,True
1,107.0,360.0,1,1,8.297792626380861,True,True,False,False,False,False
0,161.0,360.0,1,1,8.716044050161402,True,False,False,False,False,True
2,205.0,360.0,1,1,8.785845337961213,True,True,False,False,True,False
0,90.0,360.0,1,0,10.482177411118249,True,False,False,False,False,True
0,36.0,360.0,1,1,8.06054004653864,False,True,False,False,True,False
1,61.0,360.0,1,0,7.53955882930103,True,True,False,False,False,False
1,146.0,360.0,0,0,8.45638105201948,True,True,False,False,False,False
1,172.0,84.0,1,0,8.8934354408475,True,True,False,False,False,False
0,104.0,360.0,1,1,8.24800570160062,True,True,False,False,False,True
0,70.0,360.0,1,1,7.680637427560936,False,False,True,False,True,False
0,94.0,360.0,1,1,8.46611040118692,True,False,False,False,True,False
2,106.0,360.0,0,0,7.910957382845589,True,True,False,True,True,False
0,56.0,180.0,1,1,8.766705997750515,True,True,False,False,True,False
2,205.0,240.0,1,0,8.699681400989514,True,True,False,True,True,False
3,292.0,360.0,1,1,9.143986871426161,True,False,False,True,True,False
0,142.0,180.0,1,1,8.87626525995469,True,True,False,False,False,False
0,260.0,360.0,1,1,9.687878048875998,True,True,False,True,False,True
0,110.0,360.0,1,1,8.251663923605589,True,False,True,False,False,False
2,187.0,360.0,1,0,8.907070776182689,True,True,True,True,False,False
0,88.0,360.0,0,0,8.002359546252707,True,False,False,False,True,False
0,180.0,360.0,1,1,9.20673387638207,True,True,False,True,False,False
2,192.0,360.0,1,1,8.662331957082475,True,True,False,False,False,True
3,350.0,180.0,1,0,10.647422899928179,False,False,False,False,False,True
0,155.0,360.0,1,1,8.645938147306799,True,True,True,False,False,False
3,128.0,360.0,1,1,8.648922962094131,True,True,False,False,False,True
0,172.0,360.0,1,1,8.984443032465352,True,False,False,False,False,False
1,496.0,360.0,1,1,9.392745258631441,False,True,False,False,True,False
0,128.0,180.0,1,0,8.732465848349879,True,True,True,False,False,True
1,173.0,360.0,1,1,8.682877107057168,True,True,False,False,True,False
2,157.0,360.0,1,1,8.593969030218288,True,True,True,False,False,False
0,108.0,360.0,1,1,8.553139318189707,True,True,False,False,False,False
0,71.0,360.0,1,1,7.972810784121404,False,False,False,False,False,False
3,40.0,180.0,1,1,8.320448113956559,True,True,False,False,False,False
1,253.0,360.0,1,1,9.025575833531088,True,True,False,False,False,True
2,187.0,360.0,1,1,8.933796043934858,True,True,False,False,False,True
0,133.0,360.0,0,0,8.430327258394575,False,False,False,True,True,False
